name,url,slogan,rate
Bob Gold & Associates,/profile/bob-gold-associates,We Build and Burnish Brands.," $150 - $199 / hr
"
Yulu Public Relations Inc.,/profile/yulu-public-relations,Sharing the Stories That Matter," $150 - $199 / hr
"
REQ,/profile/req,Digital Marketing Agency - REQ | Own What's Next.," $150 - $199 / hr
"
Martin Levy Public Relations,/profile/martin-levy-public-relations,PR for Emerging Tech Companies & Personalities," $100 - $149 / hr
"
Tribe Builder Media,/profile/tribe-builder-media,Ranked #5 Best Entrepreneurial Company in America," $150 - $199 / hr
"
For The Win Media,/profile/for-win-media,"Working with bands, brands and innovative ideas!", Undisclosed 
WebiMax,/profile/webimax,Reputation Management Experts," $100 - $149 / hr
"
Amore Incorporated,/profile/amore-incorporated,Publicity Matters," $200 - $300 / hr
"
S&G Content Marketing,/profile/sg-content-marketing,Smarter Content Marketing," $150 - $199 / hr
"
SEO Image,/profile/seo-image,"SEO, Reputation Management, PPC Social & Design"," $150 - $199 / hr
"
Reputation Rhino,/profile/reputation-rhino,Online Reputation Management Solutions, Undisclosed 
milk*,/profile/milk,"Advertising Agency in South Norwalk, CT"," $150 - $199 / hr
"
twentysix,/profile/twentysix,life online," $150 - $199 / hr
"
Gvate,/profile/gvate,"NY Top SEO, SEM & Reputation Management Company"," $50 - $99 / hr
"
Appular,/profile/appular,Strategy Made Mobile," $100 - $149 / hr
"
Gramophone Media Inc.,/profile/gramophone-media,Gramophone Media Inc., Undisclosed 
J Public Relations,/profile/j-public-relations,Commitment. Authority. Collaboration," $100 - $149 / hr
"
5W Public Relations,/profile/5w-public-relations,5W GETS PR. OUR CLIENTS GET RESULTS.," $100 - $149 / hr
"
DCI,/profile/dci,The Leader in Marketing Places.," $100 - $149 / hr
"
W2O Group,/profile/w2o-group,It’s about achieving InteGREATness.," $100 - $149 / hr
"
Fahlgren Mortine,/profile/fahlgren-mortine,Marketing and Communications Without Boundaries.," $100 - $149 / hr
"
G&S Business Communications,/profile/gs-business-communications,INSPIRE ACTION," $150 - $199 / hr
"
Hunter Public Relations,/profile/hunter-public-relations,Public Relations and Communications New York," $100 - $149 / hr
"
Spectrum,/profile/spectrum,Where health science and communications meet.," $100 - $149 / hr
"
NJFPR,/profile/njfpr,Award-winning travel PR firm.," $100 - $149 / hr
"
Dukas Linden,/profile/dukas-linden,Building visibility. Growing brand value.," $100 - $149 / hr
"
Prosek Partners,/profile/prosek-partners,"Award-Winning, Independent, Global PR Firm."," $100 - $149 / hr
"
Vested,/profile/vested,"Public Relations and Communications New York, NY"," $200 - $300 / hr
"
Feintuch Communications,/profile/feintuch-communications,An award-winning strategic relations firm.," $100 - $149 / hr
"
Lazar Partners,/profile/lazar-partners,We Catalyze Connections®," $100 - $149 / hr
"
Kivvit,/profile/kivvit,INSIGHTS. DRIVE. RESULTS.," $100 - $149 / hr
"
Makovsky,/profile/makovsky,Power of Specialized Thinking," $100 - $149 / hr
"
AMP3 Public Relations,/profile/amp3-public-relations,AMP3 is an Award Winning PR Firm in NYC, Undisclosed 
Spark PR,/profile/spark-pr,Shaping narratives. Transforming brands.," $100 - $149 / hr
"
Bliss Integrated,/profile/bliss-integrated,New York Marketing Communication Firm," $100 - $149 / hr
"
PAN Communications,/profile/pan-communications,We Move Ideas.," $150 - $199 / hr
"
Peppercomm,/profile/peppercomm,Listen. Engage. Repeat.," $100 - $149 / hr
"
Coyne PR,/profile/coyne-pr,A Full-Service Public Relations Agency.," $100 - $149 / hr
"
ICR,/profile/icr,When you mean business.," $100 - $149 / hr
"
Intermarket,/profile/intermarket,Service is a key factor that sets us apart.," $100 - $149 / hr
"
Quinn,/profile/quinn,New York PR agency.," $100 - $149 / hr
"
Hawkins International,/profile/hawkins-international,Our connections. Your results.," $100 - $149 / hr
"
Tier10,/profile/tier10,"Advertising Agency in Herndon, Virginia"," $150 - $199 / hr
"
Lou Hammond Group,/profile/lou-hammond-group,Put our reputation to work for yours.," $100 - $149 / hr
"
RF|Binder,/profile/rfbinder,Business Builders With a Communications Mindset, Undisclosed 
KYNE,/profile/kyne,Dedicated to helping improve and save lives.," $100 - $149 / hr
"
imre,/profile/imre,The transformative agency of today," $150 - $199 / hr
"
Purple PR,/profile/purple-pr,Creative. Connected. Driven.," $100 - $149 / hr
"
LaunchSquad,/profile/launchsquad,We love nothing more than to tell a good story.," $100 - $149 / hr
"
Taylor,/profile/taylor,A public relations agency for the digital age," $100 - $149 / hr
"
Greentarget Global,/profile/greentarget-global,Direct a Smarter Conversation," $100 - $149 / hr
"
Porter Novelli,/profile/porter-novelli,We make people believe," $150 - $199 / hr
"
Omnicom,/profile/omnicom,Talent. Collaboration. Creativity.," $50 - $99 / hr
"
Ogilvy,/profile/ogilvy,We Make Brands Matter," $150 - $199 / hr
"
Workhouse,/profile/workhouse-1,PR firms in New York., Undisclosed 
Benenson Strategy Group,/profile/benenson-strategy-group,New York premier consulting and strategic research, Undisclosed 
Breaking News,/profile/breaking-news,"Latest World, US & Local News", Undisclosed 
Brunswick Group,/profile/brunswick-group,One firm. Globally.," $100 - $149 / hr
"
MDC Partners,/profile/mdc-partners,Where great talent lives., Undisclosed 
M Booth,/profile/m-booth,Global Communications Company, Undisclosed 
Fifth Avenue Brands,/profile/fifth-avenue-brands,Public Relations & Digital Media," $150 - $199 / hr
"
Pierce Mattie Communications,/profile/pierce-mattie-communications,Getting your message across., Undisclosed 
Clarity,/profile/clarity-7,Fearless Global Communications," $100 - $149 / hr
"
JG Black Book,/profile/jg-black-book,Public Relations Firm In New York, Undisclosed 
"Rubenstein Public Relations, Inc.",/profile/rubenstein-public-relations,Communications agency in New York., Undisclosed 
Small Girls PR,/profile/small-girls-pr,PR firms in New York., Undisclosed 
Finn Partners,/profile/finn-partners-0,PR firm in New York., Undisclosed 
ODA,/profile/oda,UNIQUE APPROACHES. FLAWLESS EXECUTION., Undisclosed 
Colangelo & Partners,/profile/colangelo-partners,Cultivate your message., Undisclosed 
Chandler Chicco Agency,/profile/chandler-chicco-agency,A Syneos Health Company, Undisclosed 
Goldman & McCormick PR,/profile/goldman-mccormick-pr,"When You're Ready To Rise, We're Ready To Roll!", Undisclosed 
RLM Public Relations,/profile/rlm-public-relations,PR Firm in New York., Undisclosed 
Lippe Taylor,/profile/lippe-taylor,Public relations & digital marketing agency., Undisclosed 
WIT Strategy,/profile/wit-strategy,Philadelphia Communications Agency," $150 - $199 / hr
"
Cornerstone,/profile/cornerstone,Create. Amplify.," $100 - $149 / hr
"
Agency V,/profile/agency-v,Public Relations and Communications in Stockholm," $100 - $149 / hr
"
Beckerman,/profile/beckerman,Strategy. Message. Impact., Undisclosed 
PKPR,/profile/pkpr,Public relations agency in New York., Undisclosed 
Indra,/profile/indra-0,PR firm in New York., Undisclosed 
MAO Public Relations,/profile/mao-public-relations,PR Firm in New York., Undisclosed 
Black Frame,/profile/black-frame,PR agency in New York., Undisclosed 
BPM-PR Firm,/profile/bpm-pr-firm,BEAUTIFUL PLANNING MARKETING & PR, Undisclosed 
Laura Davidson Public Relations,/profile/laura-davidson-public-relations,Dedication. Innovation. Collaboration., Undisclosed 
ZOÏ Agency,/profile/zoi-agency,A Boutique Public Relations Bureau," $100 - $149 / hr
"
Affect,/profile/affect,Public Relations Firm in New York, Undisclosed 
FTI Consulting Strategic Communications,/profile/fti-consulting-strategic-communications,"Your Source Of Data, Analysis and News", Undisclosed 
GEOFFREY WEILL ASSOCIATES,/profile/geoffrey-weill-associates,PR agency in New York., Undisclosed 
Baltz & Company,/profile/baltz-company,"The greatest stories are found, not created.", Undisclosed 
Cameo,/profile/cameo,PR Firms in New York., Undisclosed 
Pace Public Relations,/profile/pace-public-relations,PR Agency in New York., Undisclosed 
Wunderlich Kaplan Communications,/profile/wunderlich-kaplan-communications,Communications Agency in New York, Undisclosed 
Catherine Miran PR Agency,/profile/catherine-miran-pr-agency,Paris Public Relations & Communications Agency, Undisclosed 
KMR Communications,/profile/kmr-communications,EXPERTLY CRAFTED & PERSONALIZED PR SOLUTION, Undisclosed 
Harrison & Shriftman,/profile/harrison-shriftman,Curious | Creative | Connected, Undisclosed 
DQMPR,/profile/dqmpr,Public Relations & Communications Services, Undisclosed 
Veritas Communications,/profile/veritas-communications,Influencing the Influencers," $100 - $149 / hr
"
Joele Frank,/profile/joele-frank,STRATEGIC COMMUNICATIONS FIRM, Undisclosed 
Berk Communications,/profile/berk-communications,# WATCH US WORK, Undisclosed 
"Bella Public Relations, Inc.",/profile/bella-public-relations,Public Relations and Communications, Undisclosed 
BCW Global,/profile/bcw-global,We Are Pioneers and Innovators, Undisclosed 
R. Courl Hay.,/profile/r-courl-hay,PR Agency in New York., Undisclosed 
Falco Ink.,/profile/falco-ink,PR firms in New York., Undisclosed 
LFB Media Group,/profile/lfb-media-group,PR firms in New York., Undisclosed 
Zazil Media Group,/profile/zazil-media-group,BE HEARD. BE SEEN. Be fearless, Undisclosed 
1-800-PublicRelations (1800pr)​,/profile/1-800-publicrelations-1800pr%E2%80%8B,Award-winning PR Agency, Undisclosed 
Mariposa Communications,/profile/mariposa-communications,Industry Leading Fashion PR & Marketing Agency, Undisclosed 
Diane Terman Public Relations NYC,/profile/diane-terman-public-relations-nyc,Integrating Digital and Traditional PR, Undisclosed 
M18,/profile/m18,PR Company in New York., Undisclosed 
EXLUSIVE PR SOLUTIONS,/profile/exlusive-pr-solutions,Proven Experience.," $150 - $199 / hr
"
HWPR,/profile/hwpr,PR Firms in New York., Undisclosed 
The Brandman Agency,/profile/brandman-agency,A Global Communications Agency, Undisclosed 
Chamberlain Healthcare Public Relations,/profile/chamberlain-healthcare-public-relations,TRANSFORMING SCIENCE INTO MEANINGFUL CONVERSATION, Undisclosed 
"George Arzt Communications, Inc.",/profile/george-arzt-communications,"Public, Community & Government Relations Firm", Undisclosed 
Group Gordon,/profile/group-gordon,Public Relations Firm in NY, Undisclosed 
Kite Hill PR,/profile/kite-hill-pr,Put Your Brand ​in the Headlines, Undisclosed 
We Are Multiply,/profile/we-are-multiply,Social and pr agency at the x of creativity., Undisclosed 
Company Agenda,/profile/company-agenda,Public Relations & Communications, Undisclosed 
Silversalt PR,/profile/silversalt-pr,Public Relations Services in New York, Undisclosed 
KARV Communications,/profile/karv-communications,STRATEGIC COMMUNICATION FOR AN UNPREDICTABLE WORLD, Undisclosed 
Nectar Communications,/profile/nectar-communications,We believe that great partnerships breed success, Undisclosed 
Spotlight Media Relations,/profile/spotlight-media-relations,A Boutique Public Relations Agency, Undisclosed 
BWK,/profile/bwk,Build the future., Undisclosed 
Valvespring,/profile/valvespring,Leapfrog the obvious, Undisclosed 
Alison Brod Marketing + Communications,/profile/alison-brod-marketing-communications,BRAND BUILDING FOR THE THINGS AND PEOPLE WE LOVE, Undisclosed 
The Gulko Group,/profile/gulko-group,"""Delivering The Unexpected""​", Undisclosed 
Stowe Company,/profile/stowe-company,Your Search Just Got Easier!, Undisclosed 
WA Public Relations Company,/profile/wa-public-relations-company,Public Relations Firm in Flushing, Undisclosed 
Ruder Finn Inc.,/profile/ruder-finn,Transformation Is Our Business, Undisclosed 
KCSA Strategic Communications,/profile/kcsa-strategic-communications,Fully-Integrated Communications Agency, Undisclosed 
Hotwire,/profile/hotwire,Global reach. Local flavor.," $100 - $149 / hr
"
SHIFT Communications,/profile/shift-communications,"We help you find, build, and convert new audiences", Undisclosed 
The Engine Group,/profile/engine-group,TRANSFORMATION THROUGH COLLABORATION," $150 - $199 / hr
"
FCB Global,/profile/fcb-global,Chicago Digital Marketing Agency," $100 - $149 / hr
"
IPG,/profile/ipg-0,advertising and marketing company in New York., Undisclosed 
"The Newman Group, Inc.",/profile/newman-group,Public Relations Firm in New York, Undisclosed 
Resound Marketing,/profile/resound-marketing,Influence. Awareness. Credibility. Results.," $25 - $49 / hr
"
SunStar Strategic,/profile/sunstar-strategic,Strategic PR. Inspired Marketing, Undisclosed 
Cognito,/profile/cognito,"Expert in Finance:PR,Marketing & Comms Agency", Undisclosed 
Orr Group,/profile/orr-group,DC strategic fundraising firm, Undisclosed 
1Milk2Sugars Inc.,/profile/1milk2sugars,Canada/USA PR & Social Media Agency," $100 - $149 / hr
"
D & D PR,/profile/d-d-pr,"LUXURY TRAVEL, LIFESTYLE AND HOSPITALITY", Undisclosed 
Daddi Brand Communications,/profile/daddi-brand-communications,Communications Strategies in New York, Undisclosed 
Keith Sherman Associates Public Relations,/profile/keith-sherman-associates-public-relations,WE MAKE HEADLINES, Undisclosed 
Goldman Communications Group,/profile/goldman-communications-group,Award- Winning Public Relations Firm, Undisclosed 
Bayer Public Relations,/profile/bayer-public-relations,"Public Relations, Consulting and Marketing Agency", Undisclosed 
Polina Fashion PR,/profile/polina-fashion-pr,Discover Your Brand's Potential, Undisclosed 
BerlinRosen,/profile/berlinrosen,Public Relations and Communicaions, Undisclosed 
"Sharp Communications, Inc.",/profile/sharp-communications,"Public Relations, social media & design agency.", Undisclosed 
P R Consulting Inc,/profile/p-r-consulting,Public Relations & Communications Services, Undisclosed 
Alexander Marketing Corp.,/profile/alexander-marketing-corp,Public Relations with The Competitive Edge., Undisclosed 
Optimist Consulting,/profile/optimist-consulting,Luxury public relations and digital marketing, Undisclosed 
Kaplow,/profile/kaplow,Changing Conversations, Undisclosed 
DKC,/profile/dkc,"Creativity, experience and results."," $100 - $149 / hr
"
Ogilvy Public Relations London,/profile/ogilvy-public-relations-london,London Public Relations," $150 - $199 / hr
"
Health Unlimited,/profile/health-unlimited,HEALTH CONSULTANCY & COMMS AGENCY, Undisclosed 
Marino.,/profile/marino,Public Relations and Strategic Communications Firm, Undisclosed 
"LAK Public Relations, Inc.",/profile/lak-public-relations,COMMUNICATIONS IN FOCUS, Undisclosed 
KWT Global,/profile/kwt-global,Brand Strategy & Public Relations Agency, Undisclosed 
The PRMG,/profile/prmg,Full-service PR agency., Undisclosed 
Weber Shandwick Scotland,/profile/weber-shandwick-scotland,New York City Public Relations and Communications," $150 - $199 / hr
"
"The Worldcom Group, Inc.",/profile/worldcom-group,We deliver outstanding communications results, Undisclosed 
NKPR,/profile/nkpr,"Canada PR, Artist Management & Digital Agency"," $100 - $149 / hr
"
TURNER,/profile/turner,INTEGRATED COMMUNICATIONS FOR TRAVEL AND LIFESTYLE, Undisclosed 
MMGY Global,/profile/mmgy-global,Integrated marketing firm focused on the needs, Undisclosed 
Legend,/profile/legend,We don't just tell stories.We build legends., Undisclosed 
EVINS,/profile/evins,Public Relations Firm in New York, Undisclosed 
The Rosen Group,/profile/rosen-group,Making Headlines. It’s What We Do, Undisclosed 
Redpoint,/profile/redpoint,Public Relations In New York, Undisclosed 
CMM,/profile/cmm,Digital Marketing in New York., Undisclosed 
"Mfa, Ltd. Marketing & PR",/profile/mfa-marketing-pr,Marketing and Public Relation Services, Undisclosed 
Becca,/profile/becca,A creative communications agency, Undisclosed 
Zeno,/profile/zeno,A Daniel J Edelman Company," $150 - $199 / hr
"
Buttonwood Communications Group,/profile/buttonwood-communications-group,"PR, Marketing & Strategic Communications", Undisclosed 
Oasis PR,/profile/oasis-pr,"PR for mar tech, e-commerce & mobile tech"," $100 - $149 / hr
"
Cashman + Katz,/profile/cashman-katz,Full Service Integrated Communication Firm.," $100 - $149 / hr
"
K2 Krupp Kommunications,/profile/k2-krupp-kommunications,Public Relations Firm In New York, Undisclosed 
Sloane & Company,/profile/sloane-company,Public Relations Firm in New York, Undisclosed 
Effective Immediately PR,/profile/effective-immediately-pr,"Your Music, Your Story, Heard.", Undisclosed 
Boutique PR Firms NYC,/profile/boutique-pr-firms-nyc,Public Relations & Communications Services, Undisclosed 
Persona PR,/profile/persona-pr,A full service Public Relations firm, Undisclosed 
Biosector 2,/profile/biosector-2,Public Relations and Communications, Undisclosed 
Ketner Group Communications,/profile/ketner-group-communications,Public Relations & Marketing Agency in Austin TX, Undisclosed 
Haute PR ♥ New York NYC Public Relations Best PR Firm in NY,/profile/haute-pr-%E2%99%A5-new-york-nyc-public-relations-best-pr-firm-ny,Public Relations & Communications Services, Undisclosed 
Brand Definition,/profile/brand-definition,Every Brand Needs Brand Definition," $100 - $149 / hr
"
Articulate Communications Inc.,/profile/articulate-communications,Expectations. Exceeded., Undisclosed 
Hundred Stories,/profile/hundred-stories,Public Relations Firm in New York, Undisclosed 
Nicholas & Lence Communications,/profile/nicholas-lence-communications,Global reach. Local expertise., Undisclosed 
Xhibition,/profile/xhibition,Public Relations Firm in New York, Undisclosed 
fortyseven communications,/profile/fortyseven-communications,We are a Full Service PR Agency, Undisclosed 
Brandstyle Communications,/profile/brandstyle-communications,"Urgency, Creativity, Spirit & Solution", Undisclosed 
Hearts & Science,/profile/hearts-science,Forces of Change," $100 - $149 / hr
"
JV Public Relations NY,/profile/jv-public-relations-ny,Public Relations Firm in New York, Undisclosed 
"Nike Communications, Inc.",/profile/nike-communications,Public Relations Firm in New York, Undisclosed 
FleishmanHillard HighRoad,/profile/fleishmanhillard-highroad,We Make It Personal," $100 - $149 / hr
"
BPCM,/profile/bpcm,Public Relations Firm in New York, Undisclosed 
Gutenberg,/profile/gutenberg,"US, India and UK Digital Agency", Undisclosed 
The TASC Group,/profile/tasc-group,Public Relations Firm in New York, Undisclosed 
Legacy Marketing,/profile/legacy-marketing,Experience is Everything.," $100 - $149 / hr
"
SourceCode Communications,/profile/sourcecode-communications,B2B/B2C tech PR and communications agency, Undisclosed 
Gotham PR,/profile/gotham-pr,"Position, launch & promote your business.", Undisclosed 
Germinder + Associates,/profile/germinder-associates,"We’re sharing our story, we tell yours.", Undisclosed 
3d Public Relations and Marketing,/profile/3d-public-relations-marketing,Distinct • Diligent • Deliver, Undisclosed 
Wendy Glavin,/profile/wendy-glavin,PR. MARKETING. SOCIAL MEDIA., Undisclosed 
SKDKnickerbocker,/profile/skdknickerbocker,Public Relations Company in Washington DC," $100 - $149 / hr
"
Sterling Public Relations,/profile/sterling-public-relations,"Strategy Driven PR, Marketing and Branding", Undisclosed 
Carnsmedia,/profile/carnsmedia,Public Relations & Communications Services, Undisclosed 
Chapter 2 Agency,/profile/chapter-2-agency,Apparel & Fashion Services in New York, Undisclosed 
Benvenuti Public Relations,/profile/benvenuti-public-relations,We Don't Follow Trends - We Set Them, Undisclosed 
The McGraw Agency,/profile/mcgraw-agency,Public Relations, Undisclosed 
"In The Lights PR, Inc.",/profile/lights-pr,BRIGHT IDEAS BRING YOU CENTER STAGE, Undisclosed 
Crenshaw Communications,/profile/crenshaw-communications,PR that builds brands and business.," $100 - $149 / hr
"
Co-Communications,/profile/co-communications,Make Yourself Perfectly Clear," $100 - $149 / hr
"
Shamin Abas | Ultra-Luxury Brand Marketing & Business Development,/profile/shamin-abas-ultra-luxury-brand-marketing-business-development,Ultra-Luxury Brand Marketing/Bussiness Development, Undisclosed 
Empkt PR,/profile/empkt-pr,Public Relations & Communications New York, Undisclosed 
Young & Rubicam Group,/profile/young-rubicam-group,Brave and Fearless Results for our Clients," $100 - $149 / hr
"
Publicis,/profile/publicis,Lead the change," $50 - $99 / hr
"
Munch Ado,/profile/munch-ado,All Your Digital Needs in One Place, Undisclosed 
Mount & Nadler,/profile/mount-nadler,"The Right Message, Right Media, Right Timing.", Undisclosed 
CW&Co.,/profile/cwco,"Public Relations, Branding & Events", Undisclosed 
North 6th Agency,/profile/north-6th-agency,A full service brand communications agency.," $100 - $149 / hr
"
JConnelly,/profile/jconnelly,We hustle harder.," $200 - $300 / hr
"
Cercone Brown Company,/profile/cercone-brown-company,We Work with Brands on a Mission, Undisclosed 
"Geto & de Milly, Inc.",/profile/geto-de-milly,When just being heard is not enough., Undisclosed 
Stanton,/profile/stanton,ELEVATE YOUR COMMUNICATIONS, Undisclosed 
Stuntman PR,/profile/stuntman-pr,A full-service New York-based PR," $100 - $149 / hr
"
Allidura Consumer,/profile/allidura-consumer,A Syneos Health company, Undisclosed 
The Thomas Collective,/profile/thomas-collective,INTEGRATED COMMUNICATIONS, Undisclosed 
Caliber Corporate Advisers,/profile/caliber-corporate-advisers,Financial Services Marketing, Undisclosed 
Merkle,/profile/merkle,Truth in data. Proof in performance.," $150 - $199 / hr
"
Mother,/profile/mother,London Advertising Agency," $150 - $199 / hr
"
Sizmek,/profile/sizmek,Impressions that Inspire.," $150 - $199 / hr
"
TBWA,/profile/tbwa,The Disruption Company," $100 - $149 / hr
"
View Maniac,/profile/view-maniac,Marketing & Branding firm., Undisclosed 
The OutCast Agency,/profile/outcast-agency,Communications + Marketing," $100 - $149 / hr
"
Eidolon Communications,/profile/eidolon-communications,Partnership. Precision. Possibilities., Undisclosed 
Didit,/profile/didit,MARKETING IS EVERYTHING," $100 - $149 / hr
"
space150,/profile/space150,An Independent Agency of Experts," $100 - $149 / hr
"
INK & ROSES,/profile/ink-roses,WE MAKE GREAT IDEAS BLOOM, Undisclosed 
CreativeFeed,/profile/creativefeed,New York Digital Marketing Agency," $25 - $49 / hr
"
Version 2.0 Communications,/profile/version-20-communications,Unmatched Communications Expertise," $25 - $49 / hr
"
Gaslight Communications & Digital Strategy,/profile/gaslight-communications-digital-strategy,"PR, Digital Strategy & Social Media Agency", Undisclosed 
Cashman & Associates,/profile/cashman-associates,We'll Tell Your STORY to the WORLD," $150 - $199 / hr
"
Zer0 to 5ive,/profile/zer0-5ive,Make Your Marketing Count," $150 - $199 / hr
"
Pop2Life,/profile/pop2life,A Condé Nast Agency," $150 - $199 / hr
"
BWR Public Relations,/profile/bwr-public-relations,Nurturing individualized client growth.," $100 - $149 / hr
"
SRA Communications,/profile/sra-communications,Helping You Connect, Undisclosed 
Aspectus Group,/profile/aspectus-group,International Communications Agency, Undisclosed 
Magrino PR,/profile/magrino-pr,PUBLIC RELATIONS SERVICES, Undisclosed 
AdForum,/profile/adforum,Leading PR Network in the Marketing & Advertising, Undisclosed 
Five Blocks,/profile/five-blocks,Intellegent Digital Reputation Management, Undisclosed 
ID Public Relations,/profile/id-public-relations,"Clear, concise messaging designed to resonate."," $100 - $149 / hr
"
ABMC,/profile/abmc,Brand Building for the Things and People We Love.," $100 - $149 / hr
"
Bookmark Content and Communications,/profile/bookmark-content-communications,Creative brilliance for brands, Undisclosed 
Team Epiphany,/profile/team-epiphany,We create it.," $100 - $149 / hr
"
Wise Public Relations,/profile/wise-public-relations,NY Public Relations and Communications," $100 - $149 / hr
"
The Halo Group,/profile/halo-group,A Didit Company.," $100 - $149 / hr
"
Soft System Solution,/profile/soft-system-solution,All Solutions Under One Roof, Undisclosed 
Bully Pulpit Interactive,/profile/bully-pulpit-interactive,Results that matter," $150 - $199 / hr
"
Wagstaff Worldwide,/profile/wagstaff-worldwide,A Full-Service Public Relations and Marketing Firm, Undisclosed 
Perelson Weiner LLP,/profile/perelson-weiner-llp,We're in the knowledge business., Undisclosed 
The Woods & Co,/profile/woods-co,"Fully Integrated, Bicoastal PR firm", Undisclosed 
O'Neill & Associates,/profile/oneill-associates,PR and Lobbying Firm in Boston," $100 - $149 / hr
"
BMF Media,/profile/bmf-media,We are Cultural Engineers., Undisclosed 
Admerasia,/profile/admerasia,Full-Service Agency & A Lot More., Undisclosed 
Evoke Marketing,/profile/evoke-marketing,Lifestyle PR for Modern Brands," $25 - $49 / hr
"
Indicate Media,/profile/indicate-media,Digital Public Relations, Undisclosed 
"Coburn Communication, Inc.",/profile/coburn-communication,Creative communications firm based in New York," $150 - $199 / hr
"
Carmichael Lynch Relate,/profile/carmichael-lynch-relate,2019 Creative Agency of the Year Honoree, Undisclosed 
Zlokower Company,/profile/zlokower-company,A Leading Practitioner of Public Relations, Undisclosed 
Working Media Group,/profile/working-media-group,In effect transforming clients’ businesses," $100 - $149 / hr
"
INK Communications Co.,/profile/ink-communications-co,Marketing Communications for B2B Tech Brands, Undisclosed 
HeraldPR,/profile/heraldpr,Public Relations & Digital Marketing Firm, Undisclosed 
PRECISION STRATEGIES,/profile/precision-strategies,Target. Brand. Organize., Undisclosed 
Human Impact Solutions,/profile/human-impact-solutions,Building Influence Through Creative Ideas, Undisclosed 
Butler Associates Pubilc Relations,/profile/butler-associates-pubilc-relations,Strategic Communications, Undisclosed 
The Decker/Royal Agency,/profile/deckerroyal-agency,AN INTEGRATED COMMUNICATIONS WORKSHOP, Undisclosed 
21C Media Group,/profile/21c-media-group,Publicity. Digital Media. Consulting.," $100 - $149 / hr
"
Gourmet Marketing,/profile/gourmet-marketing,Hospitality Marketing Agency., Undisclosed 
Cramer-Krasselt,/profile/cramer-krasselt,"Make Friends, Not Ads", Undisclosed 
Text100,/profile/text100,We know technology and how it changes lives.," $150 - $199 / hr
"
We Are BMF,/profile/we-are-bmf,"Integrated experiential agency, made to inspire.", Undisclosed 
Watershed Communications,/profile/watershed-communications,Building Brands in the Artisan Economy," $100 - $149 / hr
"
FischTank,/profile/fischtank,Public Relations & Communications in New York, Undisclosed 
LeadDog Marketing Group,/profile/leaddog-marketing-group,Marketing Group, Undisclosed 
Goodman Media,/profile/goodman-media,PASSIONATE. RESULTS-DRIVEN. EXPERIENCED.," $100 - $149 / hr
"
Solomon McCown,/profile/solomon-mccown,WE CRAFT SOLID BRAND NARRATIVES," $100 - $149 / hr
"
Fenton,/profile/fenton,The social change agency.," $100 - $149 / hr
"
The Brand Guild,/profile/brand-guild,"For brands with a why, we're the how.", Undisclosed 
BENAMOR,/profile/benamor,“Making Hearts Beat!”," $300+ / hr
"
"PriMedia, Inc.",/profile/primedia,Marketing · Advertising · New Media · Publishing, Undisclosed 
Bullfrog + Baum,/profile/bullfrog-baum,Change: Embrace it. Exploit It. Enjoy it.," $100 - $149 / hr
"
Flying Point Digital,/profile/flying-point-digital,New York Digital Agency," $25 - $49 / hr
"
Arrow Promotional,/profile/arrow-promotional,New York Promotions Agency," $100 - $149 / hr
"
Relevance International,/profile/relevance-international,Public Relations and Brand Building Agency, Undisclosed 
"Brigade Marketing, LLC",/profile/brigade-marketing,Full-Service Digital Marketing Agency., Undisclosed 
EP+Co,/profile/epco,Unthink Everything, Undisclosed 
MayDay,/profile/mayday,Making Everything Better," $100 - $149 / hr
"
PR4Lawyers,/profile/pr4lawyers,Higher Standards in Attorney Marketing," $50 - $99 / hr
"
Broadstreet,/profile/broadstreet,Provoke. Collaborate. Lead., Undisclosed 
VP+C,/profile/vpc,Integrated marketing agency, Undisclosed 
Colour,/profile/colour,Creative | Digital for a Connected Culture, Undisclosed 
L.E.R. Public Relations,/profile/ler-public-relations,"Luxury lifestyle, fashion, beauty & travel PR firm", Undisclosed 
"Coaction Public Relations, Inc.",/profile/coaction-public-relations,Public Relations, Undisclosed 
Matlock Advertising & PR,/profile/matlock-advertising-pr,Atlanta Advertising & PR Agency," $150 - $199 / hr
"
Allied Experiential,/profile/allied-experiential,Full-service event marketing., Undisclosed 
Techwood Digital,/profile/techwood-digital,"Better Traffic, Better Results.", Undisclosed 
Jonesworks,/profile/jonesworks,"Marketing, Communications, & Management", Undisclosed 
"Creative Concepts (Fairfield, Connecticut)",/profile/creative-concepts-fairfield-connecticut,"Digital, Public Relations & Marketing Consultancy", Undisclosed 
Fluent360,/profile/fluent360,Culture Articulated," $100 - $149 / hr
"
GRADIENT Experiential,/profile/gradient-experiential,The Agency for the Experience Generation., Undisclosed 
City Eventions,/profile/city-eventions,We are an established experiential marketing firm., Undisclosed 
MATTIO Communications,/profile/mattio-communications,Full-Service Boutique Public Relations Agency, Undisclosed 
NOISE,/profile/noise,We blow sh*t up., Undisclosed 
Berman Group,/profile/berman-group,"Think Smart, Talk Smart"," $100 - $149 / hr
"
PR Revolution,/profile/pr-revolution,Public Relations Agency serving in NJ & NY, Undisclosed 
Pure Communications,/profile/pure-communications,Make your communications Pure," $100 - $149 / hr
"
Sense Marketing,/profile/sense-marketing,A Global Brand Experience Agency, Undisclosed 
Hummingbird Marketing Agency,/profile/hummingbird-marketing-agency,One-stop comprehensive brand services, Undisclosed 
Antarctic Agency,/profile/antarctic-agency,Marketing & Advertising Agency in New York., Undisclosed 
Regan Communications,/profile/regan-communications,RELENTLESS. RESULTS.," $100 - $149 / hr
"
TRUST,/profile/trust,A Communications Collective, Undisclosed 
Big Arrow Group,/profile/big-arrow-group,Global Branding & Advertising Agency," $150 - $199 / hr
"
Cheer Partners,/profile/cheer-partners,DRIVING SUCCESS FROM THE INSIDE OUT, Undisclosed 
International Association of Top Professionals,/profile/international-association-top-professionals,High End International Networking Organization, Undisclosed 
Gravity Media,/profile/gravity-media,Full-service Cross Cultural Communications Agency," $150 - $199 / hr
"
Cone Communications,/profile/cone-communications,Always Making a Difference," $100 - $149 / hr
"
Cardinal Path,/profile/cardinal-path,"To Us, Digital is Everything"," $100 - $149 / hr
"
Marcel Worldwide,/profile/marcel-worldwide,News & thoughts from a creative agency," $100 - $149 / hr
"
RED PR,/profile/red-pr,"Beauty, Fashion & Lifestyle Public Relations Firm", Undisclosed 
Adams Unlimited,/profile/adams-unlimited,Public Relation and Marketing, Undisclosed 
Radegen Sports Management,/profile/radegen-sports-management,Integrated Sports and Entertainment agency., Undisclosed 
DiMassimo Goldstein,/profile/dimassimo-goldstein,NYC-Based Advertising and Brand-Building Agency," $150 - $199 / hr
"
An Abstract Agency,/profile/abstract-agency,WEBSITES THAT FUEL YOUR BUSINESS, Undisclosed 
Smarti Solutions,/profile/smarti-solutions,Marketing & Advertising Agency., Undisclosed 
Abelow PR,/profile/abelow-pr,Influence Where It Counts, Undisclosed 
Wink Public Relations,/profile/wink-public-relations,Full-Service Strategy Firm, Undisclosed 
Cooney Waters,/profile/cooney-waters,A deep dive.," $100 - $149 / hr
"
Proper Villains,/profile/proper-villains,Marketing and Advertising Agency," $100 - $149 / hr
"
Equator,/profile/equator,WE CONNECT WORLDS," $150 - $199 / hr
"
"Gowebbaby, LLC",/profile/gowebbaby,Top Web Talent - On Demand," $150 - $199 / hr
"
the 10 company,/profile/10-company,Marketing and Public Relations Firm in New York, Undisclosed 
"Llyse Terri, Llc",/profile/llyse-terri,"A full service Marketing, Branding and Creative", Undisclosed 
Isobar,/profile/isobar,"We transform businesses, brands and people's lives"," $100 - $149 / hr
"
Subliminal Productions,/profile/subliminal-productions,EXPERIENCE. QUALITY. CREATIVITY," $100 - $149 / hr
"
Neil Miller Consulting,/profile/neil-miller-consulting,Certified Public Accountant in New York, Undisclosed 
Fog & Apple,/profile/fog-apple,Public Relations Firm In New York, Undisclosed 
DisPRuptive,/profile/dispruptive,Groundbreaking PR for radicals," $100 - $149 / hr
"
Vault49,/profile/vault49,Ideas-Led Brand Design Agency with a Difference," $150 - $199 / hr
"
Pereira & O'Dell,/profile/pereira-odell,Advertising agency based in San Francisco," $100 - $149 / hr
"
HarlemCPA,/profile/harlemcpa,Your premier small business CPA firm., Undisclosed 
"PosterGirl Marketing, PR & Media",/profile/postergirl-marketing-pr-media,Marketing & Advertising Services in New York, Undisclosed 
Devito Verdi,/profile/devito-verdi,"Award-winning, Full Service Advertising Agency"," $150 - $199 / hr
"
RKF,/profile/rkf,Transforming the Retail Landscape.," $100 - $149 / hr
"
Infogroup,/profile/infogroup,"Marketing Agency in Papillion, NE"," $100 - $149 / hr
"
31south,/profile/31south,don't be afraid to stare, Undisclosed 
Splash Worldwide,/profile/splash-worldwide,Global activation agency for the connected world," $150 - $199 / hr
"
Reflex New York,/profile/reflex-new-york,Full-service creative agency in New York, Undisclosed 
"Ethe Consulting, LLC",/profile/ethe-consulting,Global Blockchain PR & Marketing Firm, Undisclosed 
Ivy McLemore & Associates,/profile/ivy-mclemore-associates,Digital Marketing & PR Firm Specializing in Crypto," $150 - $199 / hr
"
SEO 5 Consulting,/profile/seo-5-consulting,"Your Partner to Increase Traffic, Rankings & Sales"," $50 - $99 / hr
"
Target Marketing Digital,/profile/target-marketing-digital,Full Service Digital Marketing Agency," $150 - $199 / hr
"
Good2bSocial,/profile/good2bsocial,Generating Business in the Digital Age," $25 - $49 / hr
"
Tomorrow People,/profile/tomorrow-people,Global B2B Marketing Agency," $150 - $199 / hr
"
INVNT,/profile/invnt,Marketing and Advertising Agency New York," $150 - $199 / hr
"
HireInfluence,/profile/hireinfluence,Connecting Brands & Audiences Through Experiences, Undisclosed 
Campus,/profile/campus,College Marketing," $100 - $149 / hr
"
Vab Media,/profile/vab-media,New York Digital Marketing Agency," $25 - $49 / hr
"
Cepac,/profile/cepac,Turnkey Law Firm Marketing & Legal," $50 - $99 / hr
"
Enormous Creative,/profile/enormous-creative,New York Creative Advertising Agency," $50 - $99 / hr
"
Marbaloo Marketing,/profile/marbaloo-marketing,Excellence. Innovation. Edge., Undisclosed 
Stillwater Media Group,/profile/stillwater-media-group,"Where Technology, Integrity and Economy Converge"," $25 - $49 / hr
"
The Relentless Collective,/profile/relentless-collective,Care More.Work Smarter. Execute Flawlessly. Repeat," $150 - $199 / hr
"
360 PR Plus,/profile/360-pr-plus,We are 360PR+. All in.," $100 - $149 / hr
"
R\West,/profile/rwest,Portland Integrated Full-service Marketing Agency," $150 - $199 / hr
 "
Socialike,/profile/socialike,Merging Offline and Online Identities, Undisclosed 
THE AD STORE NYC,/profile/ad-store-nyc,BEST IN CLASS BRANDING STRATEGIES, Undisclosed 
Crayon HQ,/profile/crayon-hq,NYC Digital Marketing and Branding Agency," $150 - $199 / hr
"
Fox Theory,/profile/fox-theory,Dream Big and Prepare for Liftoff," $50 - $99 / hr
"
